Image_URL,Page_ID,Region_ID,Region_Text,x1,y1,x2,y2,arc:nexus_segment,ground_truth_segment
https://jawi.sgp1.digitaloceanspaces.com/page_scans/UM-1956-06-12-3.jpg,UM-1956-06-12-3,r_1779697014524,ملايا مڠحرماتي کبيباسن سورتخبرکات رانرق,1751,764,4754,1007,0,398df73c-1133-4fba-b13d-24f72bbbbcc2
https://jawi.sgp1.digitaloceanspaces.com/page_scans/UM-1956-06-12-3.jpg,UM-1956-06-12-3,r_1779697017231,تانه کبو ک کفل فمنتا٢ کوت بهارو 11 جون- کتو ججاهن فاسير فوتيه، أ. هاشي ن حاج محمد، بارو٢ اير مڠعمومکن بهوا فلواڠ ممبوک تا ن ارو اداله دبري کفد اورڠ ڠ هندق ممنتا تانه ددالم دأير سمرق، ججاهن فاسير فوتيه. فلواڠ اين تربوك مولاءي هڠݢ 31 جولي بولن دفن. مريݢ يڠ هندق مندافتکن تانه ترسبو بوليهله براوروس دڠن فݢاوي دأيره دڠن ممباير واڠ فندهولوار تباڽق 3? انتوق ساتو٢ لوق کات فڠعمومن ايت لاکي. کاواسن تانه يڠ اکن دبول فادي ايت اياله باݢي کاواسن دان دوسون.,1723,1035,2457,3090,1,2a51f859-5e7f-4429-83a9-59302ceff5e5
https://jawi.sgp1.digitaloceanspaces.com/page_scans/UM-1956-06-12-3.jpg,UM-1956-06-12-3,r_1779697019781,"منيڠݢک دنيا دڠن سديهڽ د بريتاکن بهوا چيء زبيده بنت طيب تله منيڠݢل دنيا درومه اديقڽ دنمبر 70 ايف, کليمينتي رود، سيڠافورا د صبح هاري ڤلاڽ يڠ لالو ستله مڠيدف فڽاکية جنتوڠ سلما 5 هاري. لله يرحمه اين برعمور45 تاهون دان براصل دري کمفوڠ ݢرسيق، موار. دي منيڠکلکن توجه اورڠ انق للاکي دان سئورڠ فرمفوان. جنازهڽ تله سلامة دکبوميکن فد هاري ايت جوك.",1702,3101,2451,4778,2,38983b47-2cc1-42c8-9b35-aaab9321c893
https://jawi.sgp1.digitaloceanspaces.com/page_scans/UM-1956-06-12-3.jpg,UM-1956-06-12-3,r_1779697022309,"فيهق يڠ برکواس. بليو کمدين ميرو سفاي ورتلون دان فمرنته فد هاري اين بکرجسام لبه رافة لاکي. کرجسام يڠ رافة انتارا سور تخبر دان فمرنته سفرت يڠ دبواة اوله لورد :بيبر بروق (توان فوڽ سبواه سورتخبر داڠݢلند) هاروس منجادي چنتوه دان فرهاتين“ کتاڽ. بليو تله منرڠکن تنتڠ کماجوان سورتخبر ملايو دري ليم ريبو نسخه دولو کفد 50,000 نسخه سهاري سکارڠ دان مڠشورکن سفاي اخبار٢ ملايو مڠيجا فام اورڠ منورة بوڽيڽ يڠ سبنرڽ، بوکن منورة ايجأن دالم بهاس اصلڠ.",1701,4815,2449,6675,0,d5928358-4b8b-4d51-8eaf-8c239a629492
https://jawi.sgp1.digitaloceanspaces.com/page_scans/UM-1956-06-12-3.jpg,UM-1956-06-12-3,r_1779697025032,چيف قاضي سلاڠور کات صح سى استري مننتوة فسخ دريي سورامي، يڠ دتاهن,1838,6750,3800,7127,3,608a9f3c-429f-43ae-8080-e0a986543299
https://jawi.sgp1.digitaloceanspaces.com/page_scans/UM-1956-06-12-3.jpg,UM-1956-06-12-3,r_1779697028054,دتاهن دباوه او ندڠا ضرورة. سيورڠ ݢورو اݢام دسيني يڠ بيدق ماهو نماڽ دسيارکن مڠتاکن فول بهوا سکيراڽ سسورڠ استري ايت تيدق لاݢي منڠݢوڠ صبر دسببکن اتيدق منريما فقه لاهير دان باطين، مک فيهق اضي بوليهله ممبنرکن تنتوتن سخ سى استري ايت افبيل بليو مندافة کتراڠن٢ يڠ جلس مڠنأي تنتوتن ترسبوة. تتافي، کتاڽ لاݢي، تنتوتن فسخ استري ايت اداله برفونچا دري تيدق اداڽ کصبارن منڤݢوڠ فندريتأن هيدوف.,1665,7138,2424,8606,3,608a9f3c-429f-43ae-8080-e0a986543299
https://jawi.sgp1.digitaloceanspaces.com/page_scans/UM-1956-06-12-3.jpg,UM-1956-06-12-3,r_1779697030454,ستله سي استري ايت ممبريتاهو کفد قاضي دتمفتڽ. توان حاج حسين، بکيمال فون، مڠيڠتکن بهوا فندافتڽ ايت تيدقله بوله داڠݢف سباݢي ساتو رفتوى“. تتافي کتاڽ لاݢي، رکارا٢ سروف ايت سلالو دجالنکن اوله قاضي٢ دالم نکري سلاڠور. منورة بليو، دماس يڠ سوده٢ فيهق مجلس اݢام اسلام سلاڠور تله هون مننتوکن صحڽ تنتوتن سسئورڠ استري يڠ تله باڽق ممبواة تنتوتن فسخ دسببکن سواميڽ,2422,7144,3188,8630,3,608a9f3c-429f-43ae-8080-e0a986543299
https://jawi.sgp1.digitaloceanspaces.com/page_scans/UM-1956-06-12-3.jpg,UM-1956-06-12-3,r_1779697033198,کوالا لمفور 11 جون - وان حاج حسين، چيف قاضي ان فݢاوي کانن يڠ مبواة فتوى دمجلس اݢام اسلام دان ءادة استعادة ملايو سلاڠور ڽتاکن هاري اين بهوا سسئورڠ ستري ايت تتف صح مننتوة فسخ سکيراڽ سواميڽ دالم تهانن بليو مڠتاکن اين سباݢي مڽوکڠ بيکف مفتي جوهر، داتوء سيد علوي الحداد. يڠ مڠتاکن بهوا سکيراڽ شورڠ سوامي تيدق ومبري نڤقه ددالم تيمفوه يڠ اݢق لام، صحله تنتوتن فسخ استريڽ,3185,7150,3965,8646,3,608a9f3c-429f-43ae-8080-e0a986543299
https://jawi.sgp1.digitaloceanspaces.com/page_scans/UM-1956-06-12-3.jpg,UM-1956-06-12-3,r_1779697064647,ورتاون دمنتا منچرمينکن فرجواڠن کهرڽيکأڽ ڽاڽ حسرة عيه کوالا لمفور 11 جون - داتوء عبدالرازق حسين. منتري فلاجران فرسکتوان، ممبريتاهو ورتاون٢ ملايو مالم تادي بهوا ملايا، سفرت نݢري٢ ديموقراسي يڠ لاين، اداله مڠحرماتي کبيباسن سور تخبر،,2462,1030,4015,1859,0,398df73c-1133-4fba-b13d-24f72bbbbcc2
https://jawi.sgp1.digitaloceanspaces.com/page_scans/UM-1956-06-12-3.jpg,UM-1956-06-12-3,r_1779697075036,مستحق هاروس مندافة تمفة يڠ ليه بسر درفد يڠ تيدق مستحق: دان دالم ساعة يڠ فنتيڠ باݢي کمرديکأن تانهأير سکارڠ ورتاون٢ ملايوأ هندقله منچرمينکن فرجواڠن حسرة رعية. منتري فلاجران ايت ميتاکن هارفنڽ سفاي ورتاون٢ ملايو سنتياس ممبريکن سوکڠن کفد فرکمباڠن بهاس، کبودا يأن دان سماڠة اورڠ٢ ملايو. رردڠن سماڠة مرديکا کيت اکن دافة منچچف ککيأن، کسناڠن دان کماجوان سفرت يڠ دنعماتي اوله بڠسا٢ لاين“ کتاڽ.,2457,1891,3246,3379,0,398df73c-1133-4fba-b13d-24f72bbbbcc2
https://jawi.sgp1.digitaloceanspaces.com/page_scans/UM-1956-06-12-3.jpg,UM-1956-06-12-3,r_1779697077186,بليو براوچف دالم ساتو جاموان ماکن يڠ دادکن اوله رساتوان ورتاون٢ ملايو رسکتوان تانه ملايو درومه امنو سيئي. منتري ايت تله مموجي فارا رتاون دڠن منرڠکن بهوا رعية جلات مندافة باڽق فندوان٢دري سور تخبر. داتوء رازق تله مڽبوتکن ندوان٢ يڠ کتاڽ هندقله حرماتي اوله ورتاون٢ ملايو. اين اياله فرخبران يڠ دهيدڠکن هندقله بنر، عاديل دان تيدق مڽبلاهي ساتو فيهق: فرکارا يڠ,3250,1895,4001,3402,0,398df73c-1133-4fba-b13d-24f72bbbbcc2
https://jawi.sgp1.digitaloceanspaces.com/page_scans/UM-1956-06-12-3.jpg,UM-1956-06-12-3,r_1779697080015,ورتاوندسر وممفر جواڠکن ملايا مرديکا يڠ منجامين کمرديکأن اخبار کوالا لمفور 11 جون - أ. سعيد زهاري، يڠدفرتوا فرساتوان ورتاون ملايو فرسکتوان، برکات دالم اوچافنڽ دمجلس جاموان ماکن دسيني مالم تادي ددالم سبواه نݢري يڠ برصفة ججاهن يڠ سو دهڤون کيت راساکن کمرديکأن فرسور تخبران سبنرڽ بلوم ترجامين. ورتاون٢ ملايو بلوم منعماتي کمرديکأن فرسور تخبران يڠ سبنرڽ.,2462,3430,4006,4270,0,d5928358-4b8b-4d51-8eaf-8c239a629492
https://jawi.sgp1.digitaloceanspaces.com/page_scans/UM-1956-06-12-3.jpg,UM-1956-06-12-3,r_1779697082708,بليو برکات بهوا رونتوهڽ فنجاجهن دان باڠونڽ ساتو بڠسا ڠ مودا اکن منجادي کمناڠن باݢي رعية دان جوݢ قوم ورتاون يڠ منچر مينکن فرجواڠن رعية ايت. روورتاون٢ ملايو اداله سنفس دڠن رعية دالم فرجواڠنڽ لبوزکن فنجاجهن، ممبنچيکن کبوروقئن دان سوسنن يڠ تيدق عاديل دالم مشارکة کيت“ کتاڽ. مڽرو بکرجسام ا. عبدالعزيز اسحاق، مڠالوکن٢ کلاهيران فرساتوان يت، برکات بهوا ورتاون٢ ملايو ماري اين تيدق کورڠ فڠالمن دان کبوليهنڽ دڠن ورتاون٢ يڠ برخدمة دڠن اخبار٢ اڠݢريس. أ. عزين، منرڠکن فڠالمنڽ سباݢي ورتاون دولو، برکات بهوا سلوم فرڠ دولو ورتاون٢ امة سوکر مندافة کفرچيأن دري,2466,4289,3236,6706,0,d5928358-4b8b-4d51-8eaf-8c239a629492
https://jawi.sgp1.digitaloceanspaces.com/page_scans/UM-1956-06-12-3.jpg,UM-1956-06-12-3,r_1779697092322,ررکيت مليهة اداڽ کأيڠينن٢ هندق منيندس کمرديکأن رسورتخبران ايت، ولو فون دسمفيڠ ايت تله اد او ندڠ٢ يڠ صح يڠ لبه سسواي دکو فاکن اوله فيهق يڠ برکواس باکي ممنتا کيت برتڠݢوڠجواب سباکي درتاون“ کات أ. سعيد لاݢي. انتارا فارا تتامو يڠ تورة حاضر دالم جاموان درومه امنو يت اياله أ. عبد العزيز اسحاق، نتري فرتانين فرسکتوان، أ. بهامن شمس الدين، منتري مودا حال احوال دالم نݢري، توان رشيد منان کو نسل اندو فيسيا کوالا لمفور دان أ. يعقوب لطيف، فڠاره جباتن فنراڠن رسکتوان. أ. سعيد زهاري تله مڽرو کفد ورتاون٢ ملايو سفاي برعزم ممفرجواڠکن کمرديکأن ملايا دالم بنتوق سبواه نݢارا ديموقراسي يڠ بنر٢ مڠحرماتي کم د مکأن ڤو سور تخران.,3222,4280,3992,6729,0,d5928358-4b8b-4d51-8eaf-8c239a629492
https://jawi.sgp1.digitaloceanspaces.com/page_scans/UM-1956-06-12-3.jpg,UM-1956-06-12-3,r_1779697106175,"تورتاون هاروس مڠعبدي کڤد ڠسا"" - کتاڽ کوالا لمفور 11 جون - توان رشيد مناڽ، کو ڤسل اندونيسيا دکوالا لمفور، منرڠکن دالم مجلس جاموان ماکن فرساتوان ورتاون٢ ملايو فرسکتوان دڠيني مالم تادي بهوا ورتاون٢ مفوڽأي فڠاروه يڠ تيمبل باليک دالم مشارکة تتافي سباݢي ورتاون٢ يڠ انصاف دان برتڠݢوڠجواب مريک منجالتکن کواجيفنڽ انتوق مڠعبدي کفد بڠسا دان تا نهأيرڽ. بليو منصفتکن ڤرجواڠن کمرديکأن ملايا سکارڠ سفرت بأي يڠ ددالم کندوڠن يڠ تيدق لام لاݢي اکن لاهير. هندقڽ بأي يڠ اکن لاهير ايت ""بوکن او توان رشيد منان برکات بهوا کواجيفن يڠ بسر سکارڠ اياله منجاݢ سفاي بأي يڠ ددالم کندوڠن ايت جاڠن کݢوݢوران دان بيلا لاهير کلق جاڠن ترجادي سسوات يڠ مڠهالڠ 2بدوتندعاکن يفاي فرياتوان ورتاون٢ ملايو اين مندافة کرجسأم دان فڠهرݢأن دري سݢل فيهق يڠ ميمڠ ڤاتوة مڤهرݢأيڽ",4020,1045,4777,4775,0,6b037101-386e-419a-a1f7-d933711c4204
https://jawi.sgp1.digitaloceanspaces.com/page_scans/UM-1956-06-12-3.jpg,UM-1956-06-12-3,r_1779697117326,"مريکا دمنتا مڠهافوسکن فنجاجهن بريتيش واشيڠتن 11 جون - جورج ميني، فريسيدنة کساتوان بوروه مريکا ايه. ايف. ايل. - سي. ي. او. ميرو کراجأن فريسيدنة يسينهوار سفاي براوسها منمتکن نجاجهن بريتيش دان فرنچيس الجيريا دان سيفرس. دي مڽتاکن بهوا امريکا شريکة هاروس ممفڠاروهي رسکوتو کيت سفاي ممبرسيهکن ديري دري فنجاجهن دسيفرس، الجيريا د دلايانن٢ تمفة“. جوزج. ميني برکات دمکين دالم اوفچارا ميمفيکن هديه٢ ديو نيبرسيتي کاتوليک دسيني. بليو مرايو شريکة٢ مييق مريکاشريکة دتيمور تڠه ,,سفاي ممبواة چنتوه يڠ سبايکڽ٢ مڠنأي عمالن فرداݢڠن بيبس امر يکا دڠن مڠانتوقکن سبيلاڠن دري کأو نتوڠنڽ انتوق ممباڠونکن يو نيبو سيتي٢ دنݢري٢ عرب"".- يو. في",3986,4789,4744,7491,4,050495ef-04d6-4142-b5f3-080730cc8559
https://jawi.sgp1.digitaloceanspaces.com/page_scans/UM-1956-06-12-3.jpg,UM-1956-06-12-3,r_1779697119787,"هديه٢ کران فڠݢانس کوالا لمفور 11 جون - کراجأن فرسکتوان تانه ملايو تله مڠلوارکن هديه٢ سباڽق 52.524ڠ کڤد اورڠرامي يڠ"" ممبري معلومات هڠݢ ترتڠکفب دان تربونهڽ ببراف اورڠ فڠݢانس کوميونيسة دفݢني اين. هديه٢ تزسبوة دباير دالم بولن مي سوده.",3983,7514,4734,8651,5,5451ca2b-a75b-4cb2-901a-048595e3a274
https://jawi.sgp1.digitaloceanspaces.com/page_scans/UM-1956-06-12-3.jpg,UM-1956-06-12-3,r_1779930564628,"فرادوان اڠک -0001,.1 ميڽق شيليڠ (S91108 91) 5 ايسيله ددالم رواڠن کوسڠ يڠدسدياکن دباوه دڠن اڠک٢ يڠبرلاينن دري 1-20 سفاي سبارڠ تيݢ اڠک ستله دچمفورکن سمأد ملينتڠ اتو کباوه برجمله 38.",137,3821,1671,4290,6,
https://jawi.sgp1.digitaloceanspaces.com/page_scans/UM-1956-06-12-3.jpg,UM-1956-06-12-3,r_1779930573610,2 فنکا بوله مڠهنتر ببراف باڽق تکأن شرطڽ تيف٢ تکأن هندقله دسرتاکن دڠن ساتو (1) کوتق کوسڠ ميڽق ڠيليڠ يڠ بسر اتو دوا (2) کوتق يڠ کچيل (کوتق٢ سيمفل تيدق بوله دݢو ناکن). سموا تکأن هندفله دعلامتکن کفد فتي سورة 1090، سيڠافورا فد اتوسبلوم 30 جون (ڠ“I0) 1956. کفوتسن فرادوان اين اکن دسيارکن ددالم اخبار هارين تمفاتن فد 5 جولي (104y) 1956. هديه٢ واڠ توني سفرت برايکوة اکن دهديهکن کفد فنکا٢ يڠ برجاي-. هديه فرتام .9500، هديه کدوا .)250?، هديه کتيݢ .(50ڠ جک اد تکأن٢ يڠ سام جوافنڽ مک هديه واڠ ايت اکن دبهاݢي سامرات دانتارا اورڠ٢ ممبري جوافن يڠ سام ايت. جک تياد ساتو تکأن فون يڠ بتول، هديه٢ اکن دبريکن کفد تکأن يڠ همفير سکالي اڠکاڽ٢ دڠن اڠک٢ جوافن. دالم فد ايت فڠاديل٢ اکن منجالنکن کواس مبري هديه کفد تکأن٢ يڠ درس دهنتر. 4ساتو هديه استميوا سباڽق .00ل اکن دبريکن کفد کدي اتو ݢراي دري مان اورڠ٢ يڠ منڠ مندافة هديه يڠ فرتام ايت ممبنيڽ اتو مڽدياکن ميڽق شيليڠ. 5 کفوتسن فڠاديل٢ دالم سموا فرکارا برکنأن دڠن ڤرادوان اين اداله معتمد 6 بوراڠ٢ ماسوق جک دکهدقکي لاکي هدقده دهنترکن کفد متي سورة نمبر 1090 سيڠافورا سرتاکن 19 سين سيمف، ستيم ترسوة انتوق بلنجا مڠهنترڽ. فنکا٢ بوله جوݢ ڠهنترکن. تکأن٢ مريک ددالم بوراڠ لاين يڠدهر بواة سنديري يڠ سلم سفرت ايت ڤو تڠله ݢار يسن اين,110,4949,1628,7670,6,
